superficie_m2,ocupantes,anio_construccion,calefaccion,aislamiento,temp_media_c,consumo_kwh
47,6,1992,electrica,alto,10,408.5
73,4,2009,bomba_calor,bajo,6,326.9
74,5,1980,gas,medio,14.6,357.2
51,5,1979,bomba_calor,alto,3.2,328
156,2,1974,gas,alto,9.9,285.1
46,6,1986,bomba_calor,alto,9.3,367.5
214,3,1982,bomba_calor,bajo,17.4,363.5
211,2,1972,bomba_calor,bajo,5,532.4
173,1,1972,gas,alto,22.9,261.1
63,1,2003,bomba_calor,bajo,15.3,162.8
119,5,1968,bomba_calor,alto,17.4,408.1
141,4,1987,electrica,alto,14.1,425.1
68,6,2016,bomba_calor,medio,18.9,396.6
60,1,2018,electrica,alto,19.1,162.9
81,6,1964,bomba_calor,alto,13.3,402
108,4,1987,gas,alto,13.9,336.5
174,1,2017,electrica,alto,12.3,318.8
63,1,1997,gas,alto,9.9,161
105,6,1977,electrica,bajo,17.3,372
152,1,1999,gas,medio,9.5,218.7
105,1,1987,electrica,medio,3.3,367.9
219,4,1969,bomba_calor,medio,20.4,419.6
201,5,2003,electrica,bajo,16.2,519.6
153,1,1985,gas,medio,12.5,264.3
173,5,1996,electrica,alto,14.8,429.4
106,1,2003,gas,medio,15.2,196.4
189,3,1976,bomba_calor,medio,9,398.2
142,2,1968,bomba_calor,alto,2.8,303.6
69,5,1996,gas,bajo,22.8,349.2
54,1,2010,electrica,alto,22.9,148.8
67,6,1978,electrica,alto,12.5,390.1
154,4,2001,bomba_calor,bajo,13.1,365.5
181,2,1995,bomba_calor,alto,18.4,268.8
112,4,1980,electrica,bajo,5.6,651.1
112,5,2014,electrica,bajo,16.7,354.7
45,4,2004,gas,medio,14.3,311.6
75,6,1975,electrica,bajo,18.3,364.9
71,5,2003,gas,bajo,5.4,376.9
87,2,1963,gas,alto,2,228.1
122,2,2004,gas,alto,9.5,262.1
131,6,2021,gas,bajo,20.5,472.7
105,1,1962,bomba_calor,medio,16.7,193.9
136,2,2020,gas,bajo,10.3,305.8
146,6,1986,gas,bajo,21.4,473.9
78,4,2007,gas,bajo,7.7,341.4
186,3,1980,bomba_calor,alto,6.4,404.8
209,4,1987,electrica,alto,11.9,469.7
141,5,2014,bomba_calor,alto,4.9,458.2
135,1,2022,electrica,bajo,16.9,238.3
79,5,1982,gas,bajo,11.5,407.1
68,4,2006,gas,bajo,14,328.2
109,5,1966,bomba_calor,bajo,22.6,344.6
186,1,1997,electrica,alto,20.7,251.4
126,3,2001,bomba_calor,medio,19.7,266.7
186,4,1981,gas,alto,19.8,430.4
219,4,1965,electrica,medio,3.5,840.5
71,1,2014,bomba_calor,medio,17.4,149.6
62,5,2011,bomba_calor,alto,23.4,329.2
45,1,1995,electrica,medio,15.9,185.5
101,5,1964,bomba_calor,medio,21,336.9
95,4,1993,electrica,medio,23.7,299.2
110,2,1992,bomba_calor,medio,15.9,246.7
182,6,1985,electrica,medio,15.9,516
108,6,2002,gas,medio,21.4,407.2
177,1,2012,bomba_calor,bajo,7.7,360.9
60,5,1968,gas,alto,16.9,351
212,5,1996,gas,medio,12.1,430.6
205,6,1990,gas,alto,4.3,460.7
95,2,1973,electrica,medio,8.9,355.9
99,5,1990,bomba_calor,bajo,3.2,420.8
211,1,1962,bomba_calor,bajo,20.9,266.2
114,5,2000,electrica,bajo,12.4,455.4
139,2,1987,bomba_calor,alto,21.1,290.6
206,6,2019,bomba_calor,alto,11.3,545.5
119,1,1998,gas,alto,11.4,210.2
113,6,2019,electrica,alto,2.4,594.9
123,2,1986,gas,bajo,9,250.4
189,2,1990,gas,alto,15.4,270.3
161,3,2012,bomba_calor,alto,17.1,357.8
60,2,1980,bomba_calor,medio,4.2,272.8
56,6,1983,bomba_calor,alto,17.3,362.7
191,1,1989,electrica,alto,16.9,248.2
79,6,2002,bomba_calor,alto,18.2,402.2
107,4,1972,electrica,bajo,9,530.8
175,1,2013,bomba_calor,medio,19.7,229.6
107,5,1995,bomba_calor,medio,20.2,405.6
192,5,1989,gas,bajo,5.4,507.3
74,6,1973,electrica,medio,7,489.6
76,5,2014,gas,alto,16.3,335.7
73,2,1966,gas,alto,2.5,234
210,3,2002,bomba_calor,bajo,11.9,396.1
57,4,1975,electrica,bajo,4.7,455.2
173,6,1979,gas,medio,21.9,480.5
220,1,2020,gas,medio,4.6,334.4
54,6,1996,bomba_calor,medio,23.2,381.8
189,6,1983,gas,medio,16.8,479.8
80,4,1991,bomba_calor,medio,11.3,319
110,1,1992,bomba_calor,bajo,5.2,284
56,5,1994,bomba_calor,alto,13.1,343.3
42,3,2020,bomba_calor,medio,6.4,273.3
43,3,1979,gas,medio,7.4,229.4
201,4,2014,electrica,medio,5.6,776.8
144,1,2007,bomba_calor,bajo,10.9,263
159,5,1981,bomba_calor,bajo,13.4,508.8
218,5,2017,gas,medio,5.4,433.1
47,2,1988,electrica,medio,12.3,229.4
185,6,1976,gas,bajo,4.1,495.5
45,6,2017,bomba_calor,medio,22.5,350.8
109,6,1981,gas,bajo,17.7,414.1
114,1,2013,gas,bajo,8.9,215.7
85,1,2002,bomba_calor,medio,12.6,222.8
154,3,1995,electrica,medio,15,410.7
165,2,2019,electrica,bajo,20,293
120,6,2002,bomba_calor,alto,19.6,403.4
103,3,1992,bomba_calor,bajo,6.3,317.5
152,4,1982,bomba_calor,alto,22.3,365.9
164,6,2007,electrica,bajo,18.1,492
94,5,2009,bomba_calor,bajo,7.1,395.8
192,5,1993,gas,medio,18.4,472.7
171,2,1964,bomba_calor,alto,21.8,274.9
57,2,1979,bomba_calor,alto,22.7,171
134,6,1975,gas,medio,2,438.8
129,2,1984,bomba_calor,alto,8.6,309.7
208,6,2012,electrica,alto,19.8,539.3
84,6,1998,bomba_calor,bajo,6.4,392.6
190,4,1988,gas,bajo,2.5,450.2
129,1,1961,electrica,alto,3.9,342
95,6,1964,bomba_calor,alto,16.7,400.5
173,6,2012,bomba_calor,bajo,2.4,660.3
54,5,2002,bomba_calor,alto,18.8,320.3
60,5,2003,bomba_calor,medio,22.5,333.3
110,3,1970,electrica,bajo,16.2,293.2
113,6,1981,bomba_calor,bajo,20,368.9
202,4,2004,bomba_calor,medio,11.7,454.4
156,4,1973,gas,alto,21.3,395.5
157,5,1963,bomba_calor,medio,19.8,384.7
120,2,1980,bomba_calor,medio,18.5,229.9
208,4,1981,gas,bajo,13,400
201,5,1996,electrica,alto,11.8,491.6
171,1,2013,gas,alto,10.8,252
165,2,1975,bomba_calor,medio,16.4,315.6
79,3,1964,gas,bajo,8.1,289.2
155,2,2014,bomba_calor,alto,4.6,356.8
57,5,1984,gas,alto,11.1,322
56,5,1997,bomba_calor,alto,14.9,355.1
205,1,1967,bomba_calor,medio,22.6,272.8
93,5,1999,bomba_calor,alto,14.8,340.6
111,6,2014,bomba_calor,medio,11.4,476.5
144,5,2003,gas,medio,20.2,402.8
184,6,1969,gas,medio,3.8,511.8
163,4,2004,electrica,medio,3.3,591.8
212,3,1985,gas,alto,19.5,365.3
59,4,1962,gas,bajo,7.9,280.9
126,1,1985,electrica,bajo,23.8,165.9
209,6,1979,bomba_calor,bajo,23.3,483.4
217,3,1997,gas,bajo,10.8,396.1
101,6,2012,electrica,alto,21,374.3
217,4,1972,gas,medio,22.3,366.3
207,3,1998,gas,medio,8.4,378.8
138,2,1970,electrica,bajo,23.1,247.9
117,5,2014,bomba_calor,alto,16.3,402.4
170,4,2012,electrica,alto,19.6,372.7
73,4,1993,bomba_calor,medio,4.9,348.6
142,6,1972,gas,alto,4.8,491.8
54,4,1977,gas,medio,19.3,273
101,5,1960,bomba_calor,alto,16,398.8
161,3,2003,electrica,alto,11.3,372.9
152,3,1968,bomba_calor,bajo,3.9,425.2
128,5,1993,gas,alto,22.5,436.2
190,4,2016,electrica,medio,3.1,662.1
82,6,1987,bomba_calor,medio,12.5,420.4
99,5,1989,electrica,bajo,6.7,521.6
117,5,2016,bomba_calor,bajo,6.4,493.7
173,2,1972,electrica,medio,23.4,247.7
84,4,1988,bomba_calor,bajo,6.4,356.9
67,6,1963,bomba_calor,bajo,14.4,359.6
187,5,1975,bomba_calor,medio,20.2,438.9
99,6,2001,gas,bajo,3.4,453.2
128,2,1975,electrica,medio,16.3,264.6
164,4,2017,gas,bajo,3,454.6
139,5,1990,electrica,medio,11.3,468.1
62,5,1976,bomba_calor,bajo,13.3,346.8
124,2,2018,bomba_calor,bajo,16.4,253.5
169,4,1991,bomba_calor,alto,7.9,411.2
64,5,1977,electrica,bajo,12.1,373.7
154,6,2013,bomba_calor,bajo,16.6,474.9
144,3,1975,gas,bajo,13.8,295.1
192,3,1972,electrica,alto,15.3,354.8
96,4,1989,gas,alto,13,302.9
146,3,2013,bomba_calor,bajo,3.8,411.8
152,6,1986,bomba_calor,alto,3.7,509.2
142,5,1967,electrica,alto,12.7,431.8
64,3,1968,bomba_calor,bajo,3.5,305.2
94,3,1969,electrica,bajo,2.1,522.6
219,5,1971,bomba_calor,medio,6.3,621.9
94,5,2017,gas,medio,22.7,334.4
194,3,1999,bomba_calor,alto,7.2,374.6
214,5,1995,bomba_calor,medio,15.8,462.9
63,3,1994,gas,medio,19.9,243.1
109,5,2004,gas,medio,4.7,357.5
