superficie_m2,habitaciones,antiguedad_anios,barrio,estacionamiento,impuesto_transferencia_usd,precio_usd
71,3,54,centro,si,4158,138600
138,4,33,centro,no,9084,302800
159,4,45,sur,no,4866,162200
190,6,18,norte,no,13236,441200
60,2,51,periferia,no,2130,71000
108,4,25,norte,si,5595,186500
185,6,43,periferia,si,7317,243900
57,3,43,norte,si,3264,108800
47,2,25,centro,si,4602,153400
77,2,13,norte,si,3759,125300
161,6,30,periferia,no,6621,220700
36,1,5,centro,si,4806,160200
93,3,53,periferia,si,2406,80200
72,2,53,periferia,no,2070,69000
42,1,7,norte,si,3450,115000
133,5,48,centro,si,7104,236800
37,1,14,sur,no,2415,80500
142,5,36,periferia,si,4878,162600
58,1,32,norte,si,3723,124100
72,3,21,sur,no,3801,126700
168,6,29,centro,no,10929,364300
137,4,14,centro,no,8232,274400
160,5,36,norte,si,8799,293300
115,5,8,centro,no,7140,238000
39,2,28,centro,no,2310,77000
47,2,3,centro,no,4005,133500
98,4,40,norte,si,5037,167900
145,6,25,norte,no,8217,273900
159,5,12,sur,no,6804,226800
52,2,8,centro,no,3336,111200
67,2,20,periferia,si,2913,97100
98,4,44,periferia,no,2217,73900
94,4,52,sur,no,3372,112400
65,1,26,periferia,no,2229,74300
62,2,26,periferia,si,3300,110000
73,3,47,sur,no,2364,78800
87,3,3,centro,no,5787,192900
172,4,27,sur,no,8916,297200
131,5,25,centro,si,6798,226600
39,2,40,norte,no,3045,101500
62,3,11,centro,no,4452,148400
117,4,40,norte,si,6147,204900
80,3,5,sur,si,4560,152000
88,3,17,centro,si,5787,192900
117,4,30,periferia,si,4107,136900
181,5,23,sur,si,8091,269700
126,4,16,periferia,no,5322,177400
134,4,40,centro,si,5991,199700
160,5,5,sur,no,6747,224900
164,5,9,sur,si,9423,314100
51,2,57,norte,no,2424,80800
52,2,20,norte,si,3855,128500
94,3,56,centro,no,4239,141300
147,4,57,periferia,no,4869,162300
112,4,21,norte,si,6921,230700
68,2,39,sur,no,3033,101100
118,4,33,periferia,no,4272,142400
83,3,18,sur,si,3963,132100
124,4,40,sur,si,5604,186800
75,3,51,centro,si,4635,154500
51,2,2,sur,si,2676,89200
172,5,24,centro,no,9639,321300
36,1,9,norte,si,2541,84700
133,4,11,sur,no,6009,200300
60,1,21,centro,si,3897,129900
184,5,7,sur,si,7911,263700
60,3,7,sur,no,2523,84100
166,5,2,centro,si,12702,423400
129,5,36,norte,no,5718,190600
51,3,46,sur,no,2286,76200
160,5,47,periferia,si,6129,204300
42,2,21,centro,si,3606,120200
70,2,0,periferia,si,2643,88100
94,4,30,centro,no,4707,156900
64,2,32,centro,si,5499,183300
128,4,7,sur,si,6552,218400
196,5,57,periferia,no,7401,246700
197,6,29,norte,si,15303,510100
46,1,29,norte,no,2232,74400
46,2,46,centro,si,3978,132600
48,2,55,centro,si,3771,125700
91,2,27,sur,no,3711,123700
49,3,50,centro,si,3699,123300
64,3,1,centro,no,4332,144400
114,4,43,norte,no,4149,138300
59,1,31,sur,si,2511,83700
54,2,25,norte,no,3873,129100
157,5,14,centro,si,10458,348600
138,5,45,norte,no,6282,209400
44,2,26,norte,no,2793,93100
184,6,35,norte,si,9990,333000
188,6,30,norte,si,11859,395300
159,5,58,centro,si,9984,332800
52,2,17,centro,si,3576,119200
132,5,37,centro,si,7524,250800
96,2,44,centro,no,4158,138600
105,4,43,sur,no,3537,117900
40,2,15,periferia,si,1743,58100
95,3,28,centro,no,5211,173700
121,4,18,centro,si,7707,256900
147,5,4,norte,no,7026,234200
62,1,4,periferia,si,3507,116900
38,2,47,periferia,si,1860,62000
75,3,55,sur,no,2433,81100
87,3,40,centro,no,5544,184800
43,2,23,norte,si,3003,100100
46,3,33,sur,no,2334,77800
56,2,39,centro,no,3618,120600
45,3,33,periferia,si,1947,64900
156,4,20,norte,no,8166,272200
62,3,6,centro,si,4299,143300
122,5,18,sur,si,5019,167300
135,4,50,centro,si,5484,182800
187,6,55,centro,si,10767,358900
197,6,7,periferia,no,8340,278000
195,6,3,norte,no,11925,397500
166,5,50,norte,si,7194,239800
135,4,2,centro,no,7776,259200
46,1,50,norte,no,3228,107600
182,6,53,sur,no,6387,212900
198,6,53,norte,no,11529,384300
161,5,39,periferia,si,6717,223900
133,5,45,periferia,no,4329,144300
59,2,6,centro,no,3669,122300
86,3,15,centro,no,5445,181500
71,3,5,sur,no,3987,132900
111,3,36,centro,no,5565,185500
117,3,43,periferia,no,3531,117700
113,3,32,centro,si,7308,243600
179,5,5,centro,si,14349,478300
59,1,31,sur,si,3192,106400
158,5,25,periferia,no,4710,157000
191,6,57,periferia,si,5271,175700
107,4,22,periferia,si,3249,108300
99,4,52,sur,si,4242,141400
52,1,34,centro,si,3051,101700
73,2,57,centro,no,3909,130300
125,5,58,centro,no,6141,204700
149,4,47,periferia,si,3489,116300
140,5,11,norte,si,9930,331000
98,2,3,norte,no,5016,167200
104,3,46,periferia,no,3603,120100
115,4,10,sur,si,4320,144000
118,4,39,periferia,no,3738,124600
175,6,56,sur,no,7050,235000
70,2,58,centro,no,4113,137100
191,6,44,centro,no,11316,377200
90,3,8,norte,si,4218,140600
135,4,21,sur,si,7095,236500
145,4,52,centro,si,6357,211900
78,3,2,centro,si,5028,167600
150,5,29,periferia,si,4473,149100
50,3,21,centro,si,3876,129200
139,5,52,norte,no,7638,254600
94,3,32,periferia,no,2667,88900
186,5,36,sur,si,9282,309400
134,5,1,norte,si,7488,249600
148,6,2,norte,si,8757,291900
47,1,44,norte,no,2895,96500
118,4,15,sur,si,4563,152100
113,3,59,centro,no,4812,160400
194,6,51,periferia,no,5934,197800
153,5,34,periferia,si,6045,201500
94,2,4,sur,si,5025,167500
122,3,30,norte,si,7272,242400
108,4,31,periferia,si,4524,150800
161,4,3,periferia,si,7281,242700
129,5,3,centro,no,7020,234000
100,3,18,centro,si,5763,192100
193,5,53,periferia,si,6348,211600
145,4,7,norte,si,9243,308100
176,5,45,norte,si,8742,291400
110,4,29,sur,no,4395,146500
141,4,53,sur,si,5241,174700
46,3,19,norte,no,3435,114500
121,5,40,norte,no,5571,185700
44,2,14,sur,no,2463,82100
169,5,41,sur,si,6873,229100
122,4,40,centro,no,7413,247100
145,4,29,norte,no,7836,261200
46,1,56,norte,si,2445,81500
182,5,3,norte,no,9489,316300
122,3,27,centro,si,5928,197600
76,3,46,norte,no,2925,97500
180,6,16,periferia,no,7344,244800
107,3,6,periferia,no,3660,122000
119,4,33,norte,si,6483,216100
130,4,45,sur,si,4260,142000
115,4,14,norte,si,5898,196600
45,2,49,sur,no,2595,86500
45,2,53,sur,si,2757,91900
45,1,19,periferia,no,2007,66900
67,1,36,sur,no,2994,99800
148,4,50,centro,no,6636,221200
164,6,38,periferia,si,6957,231900
158,5,45,norte,si,7839,261300
136,4,37,periferia,si,3996,133200
87,3,58,centro,no,4629,154300
80,2,32,periferia,si,2493,83100
87,2,41,sur,si,4722,157400
