usuarios,uso_gb_mes,antiguedad_meses,llamadas_soporte_mes,pago,region,plan
4,310.7,22,1,anual,costa,premium
2,31.6,35,1,anual,sur,estandar
2,26.5,48,4,anual,sur,basico
3,6.1,36,2,anual,norte,basico
1,121.2,38,2,mensual,norte,estandar
8,91.5,45,1,mensual,centro,premium
3,25.9,53,0,mensual,norte,basico
1,32.8,18,0,anual,sur,estudiante
14,116.7,71,4,anual,centro,empresa
1,29.3,47,0,anual,centro,basico
1,21.7,42,1,mensual,norte,basico
3,21,17,1,anual,sur,basico
4,8.7,54,1,mensual,sur,basico
3,94.7,1,1,mensual,centro,premium
2,60.2,71,1,mensual,sur,basico
3,168.7,6,0,mensual,centro,premium
10,566.2,2,2,anual,sur,empresa
4,65.8,61,1,mensual,sur,estandar
2,16.3,48,0,mensual,costa,basico
4,180.3,15,4,mensual,norte,empresa
3,113.9,26,1,mensual,costa,estandar
1,62.2,10,1,mensual,centro,basico
5,92.8,25,5,mensual,sur,premium
1,21.5,72,1,mensual,costa,basico
8,124,57,2,anual,norte,empresa
2,8.9,41,0,mensual,sur,basico
1,21.8,57,0,anual,norte,basico
7,207,38,2,anual,norte,premium
6,311.1,21,4,anual,norte,empresa
9,81.1,43,4,anual,norte,empresa
2,13.4,43,1,mensual,norte,basico
3,25.2,38,0,mensual,costa,basico
2,79.3,15,0,anual,sur,estandar
1,18.6,30,0,mensual,centro,estudiante
1,84.8,9,0,anual,sur,estudiante
7,303.7,3,3,mensual,costa,empresa
2,17.9,56,2,mensual,centro,basico
2,25.3,8,1,mensual,costa,estudiante
4,101,12,2,mensual,costa,empresa
2,12.4,34,1,mensual,sur,basico
3,106.5,71,2,mensual,centro,estandar
1,11,6,2,mensual,norte,basico
1,13.9,50,0,mensual,centro,basico
4,26.1,32,2,mensual,costa,basico
1,102.9,72,1,mensual,costa,estandar
9,156.5,17,0,anual,norte,premium
4,423.7,65,3,anual,sur,premium
2,18,42,0,mensual,costa,basico
5,25.3,8,0,anual,sur,basico
1,164.6,19,1,mensual,norte,estandar
1,10.4,59,1,mensual,norte,basico
1,13,47,1,mensual,norte,basico
2,25,41,1,mensual,costa,basico
3,140.1,38,4,anual,centro,empresa
8,171.1,37,4,anual,sur,empresa
2,11.8,50,2,mensual,centro,basico
2,51,56,2,anual,centro,estandar
2,30.5,70,0,mensual,sur,basico
2,35.8,59,0,anual,costa,estandar
3,101.4,71,0,anual,norte,premium
1,31.5,52,0,mensual,centro,basico
1,33.2,33,3,mensual,costa,basico
8,226.5,47,2,anual,sur,empresa
7,677.5,11,3,mensual,costa,empresa
3,29.6,20,1,mensual,sur,basico
2,63.4,22,2,anual,centro,premium
1,36.6,24,1,mensual,costa,estudiante
2,13.3,10,2,mensual,costa,basico
1,8.4,51,0,mensual,centro,basico
3,14.4,33,0,mensual,costa,basico
1,37.5,18,1,mensual,sur,basico
3,152.7,9,0,mensual,costa,estandar
5,213.6,3,0,anual,norte,premium
2,68.6,24,1,anual,costa,estudiante
2,10.7,33,2,anual,centro,basico
1,31.5,20,1,mensual,centro,estudiante
1,17.5,51,0,mensual,costa,basico
6,504,28,2,mensual,costa,premium
1,25,53,2,anual,sur,basico
7,90.1,12,3,anual,sur,estandar
2,40.7,27,1,mensual,centro,basico
1,36.3,70,2,mensual,norte,basico
4,367.8,48,3,mensual,norte,premium
8,268.2,12,3,anual,sur,empresa
1,13.6,21,3,anual,centro,estudiante
3,200.1,30,2,mensual,centro,premium
1,112.1,14,3,anual,costa,estandar
2,120.8,20,2,mensual,costa,premium
2,103.2,17,1,anual,centro,estandar
2,50,12,1,anual,norte,estandar
5,33.4,33,3,mensual,costa,estandar
1,56.8,32,2,anual,centro,estandar
2,357.8,8,2,mensual,centro,premium
1,32.1,36,0,mensual,norte,basico
5,241,57,5,anual,sur,empresa
3,132.3,52,3,mensual,norte,empresa
2,52.6,44,2,mensual,costa,estandar
1,14,57,0,mensual,norte,basico
5,535.6,35,5,anual,norte,empresa
1,23.1,20,1,anual,norte,basico
14,107,13,3,mensual,sur,premium
1,19.9,6,2,mensual,centro,basico
9,269.8,33,0,anual,norte,premium
2,10.5,63,2,anual,norte,basico
1,68.7,14,0,mensual,sur,estudiante
1,14.1,69,2,mensual,costa,basico
1,32.6,32,1,mensual,norte,basico
2,57.3,26,1,mensual,sur,estandar
1,64.8,54,2,anual,norte,premium
1,29.8,35,0,mensual,sur,estudiante
5,238.7,8,3,anual,costa,empresa
5,189.3,25,3,anual,centro,premium
1,62.1,6,1,mensual,norte,estudiante
6,79.2,49,0,mensual,norte,premium
3,157.1,14,3,mensual,sur,estandar
2,26.7,40,6,anual,sur,estandar
8,176.2,46,4,mensual,costa,empresa
3,102.3,61,2,anual,centro,premium
2,21.7,25,0,anual,centro,estandar
2,28.1,68,3,mensual,norte,basico
2,47.5,32,1,anual,costa,estudiante
2,71.3,63,1,anual,norte,estandar
1,22.2,63,1,mensual,costa,basico
2,12.1,21,1,mensual,sur,basico
6,135.1,8,0,anual,costa,premium
9,107.4,57,5,anual,costa,empresa
6,99.3,72,1,anual,sur,premium
6,116.8,67,1,anual,norte,premium
2,56.8,35,1,mensual,costa,estandar
2,18.9,37,2,mensual,norte,basico
1,21.1,21,1,mensual,sur,basico
1,51.4,42,0,anual,sur,basico
4,67.8,26,0,anual,norte,premium
4,204,62,2,mensual,norte,premium
8,216.6,6,3,mensual,norte,premium
1,7.5,56,1,mensual,centro,basico
4,388.9,68,4,mensual,costa,empresa
3,43.1,21,1,mensual,costa,basico
1,45.3,3,1,mensual,costa,estudiante
3,190.4,67,1,anual,centro,estandar
4,12.1,54,2,mensual,costa,basico
7,485.6,34,3,anual,norte,empresa
2,74,19,1,mensual,centro,estandar
4,103,59,4,anual,costa,empresa
1,33.2,32,3,anual,centro,basico
3,30.8,36,2,mensual,centro,estandar
1,36.1,63,0,mensual,sur,basico
2,26,20,1,mensual,norte,estudiante
7,360.7,67,2,anual,sur,premium
3,9,23,1,mensual,costa,basico
4,141.8,21,2,anual,centro,premium
2,11,9,0,anual,sur,estudiante
2,11.7,3,2,anual,costa,basico
1,8.9,50,0,anual,centro,basico
1,37.4,8,0,mensual,sur,estudiante
2,19.5,29,2,mensual,costa,basico
2,25.3,59,0,mensual,centro,basico
1,8.7,37,0,mensual,norte,basico
6,106.4,35,3,mensual,norte,premium
3,120.7,53,1,mensual,centro,estandar
1,31.5,35,0,mensual,norte,estudiante
13,299.5,10,3,mensual,norte,empresa
1,18.4,8,1,mensual,centro,basico
3,98.1,62,2,anual,costa,estandar
1,15.1,55,1,mensual,norte,basico
5,122.3,39,3,mensual,sur,estandar
2,161.5,5,0,mensual,sur,premium
2,13.4,60,3,mensual,sur,basico
2,6.9,55,0,anual,norte,basico
3,182,18,0,anual,norte,premium
4,24.3,6,2,mensual,costa,estandar
2,148.1,15,2,mensual,centro,estandar
1,49.6,37,1,anual,costa,basico
2,10.1,72,0,mensual,centro,basico
8,307.7,7,2,mensual,norte,empresa
4,169.6,13,3,mensual,costa,premium
1,24.3,25,2,anual,costa,estudiante
3,317.4,16,2,mensual,costa,premium
4,198,20,1,mensual,norte,premium
2,126.3,14,1,anual,costa,premium
3,60.1,27,2,mensual,sur,estandar
1,42.4,22,0,mensual,centro,estudiante
3,224.8,48,4,mensual,costa,premium
2,32.4,19,2,anual,norte,basico
3,14.3,43,1,mensual,costa,basico
3,37.5,5,1,anual,centro,estandar
6,236.5,10,4,anual,sur,empresa
1,43.5,23,1,mensual,norte,basico
2,32.4,47,1,mensual,costa,estandar
2,12.6,46,1,anual,centro,basico
7,175.9,43,0,anual,sur,premium
2,53.5,9,2,anual,norte,basico
3,22.4,14,1,mensual,norte,basico
3,119,55,2,anual,norte,premium
2,144,43,1,mensual,centro,premium
6,53.3,23,0,anual,sur,premium
2,147.4,72,1,mensual,sur,estandar
3,13.1,67,0,anual,sur,basico
3,33.7,70,0,anual,centro,estandar
2,16.2,1,1,mensual,centro,basico
