usuarios,uso_gb_mes,antiguedad_meses,llamadas_soporte_mes,pago,region,cargo_corporativo_usd,plan
1,29,51,1,mensual,centro,0,basico
1,13.9,41,3,mensual,centro,0,basico
2,96.9,14,2,mensual,norte,0,estandar
5,96.2,45,3,mensual,costa,0,estandar
5,111.6,17,1,anual,norte,0,premium
3,74.5,29,1,mensual,sur,0,estandar
3,22.8,33,3,mensual,centro,0,basico
6,187.6,2,6,anual,costa,256,empresa
7,47.7,16,3,anual,norte,0,premium
1,4.8,5,3,mensual,norte,0,basico
11,118.9,25,3,mensual,norte,122,empresa
2,70.6,8,3,mensual,sur,0,estandar
1,29.2,59,1,anual,costa,0,basico
1,20.5,15,2,mensual,norte,0,basico
2,23.9,14,2,anual,sur,0,estudiante
1,44.1,13,2,mensual,sur,0,basico
1,33.8,12,0,mensual,sur,0,basico
3,15.8,31,0,anual,centro,0,basico
2,54,17,3,mensual,sur,0,estandar
2,61.5,25,1,mensual,centro,0,basico
1,11.8,19,1,mensual,costa,0,basico
4,141,71,2,anual,centro,236,empresa
4,24.8,37,1,mensual,sur,0,basico
1,28.2,72,0,anual,norte,0,basico
5,64.1,55,0,anual,norte,0,premium
1,6.6,71,2,mensual,centro,0,basico
6,433,30,2,mensual,costa,0,premium
2,35.6,60,2,mensual,centro,0,basico
1,14.9,64,1,anual,sur,0,basico
5,20.1,16,3,anual,sur,0,estandar
4,173,56,2,anual,sur,0,premium
3,24.6,58,1,mensual,costa,0,basico
3,63.9,28,1,mensual,centro,0,estandar
5,59.8,13,0,anual,costa,0,premium
1,44.8,16,0,mensual,centro,0,estudiante
7,123.1,62,4,anual,sur,134,empresa
1,12.7,11,1,mensual,sur,0,basico
1,15.2,58,1,mensual,costa,0,basico
2,34.2,13,2,anual,norte,0,basico
4,47.3,58,1,mensual,centro,0,basico
2,33,72,2,anual,norte,0,estandar
2,19.4,42,2,mensual,sur,0,basico
3,91.9,68,3,anual,costa,0,premium
2,179,70,3,mensual,norte,0,premium
1,59.4,31,1,mensual,norte,0,estudiante
2,97.1,34,3,mensual,costa,0,estandar
1,41.7,7,3,anual,sur,0,estudiante
3,215.6,39,2,mensual,centro,0,premium
2,62.3,65,2,anual,sur,0,basico
2,24.4,43,0,mensual,centro,0,basico
1,15.6,27,0,mensual,centro,0,basico
1,39.5,51,1,anual,centro,0,estandar
6,204.9,69,5,mensual,norte,255,empresa
1,19.5,31,2,mensual,costa,0,basico
1,20.8,65,0,anual,costa,0,basico
1,27.1,30,0,mensual,sur,0,estudiante
1,31.9,11,0,mensual,sur,0,basico
5,977.7,23,4,anual,norte,174,empresa
2,23.7,67,2,mensual,norte,0,basico
2,18.4,23,0,mensual,norte,0,basico
2,21.8,65,0,anual,sur,0,basico
3,28.9,24,0,mensual,sur,0,basico
2,24.6,39,0,anual,centro,0,estandar
1,29.1,30,0,mensual,norte,0,basico
2,45.8,51,1,anual,norte,0,basico
13,708.5,24,3,anual,sur,52,empresa
1,20.6,55,0,mensual,sur,0,basico
2,49.9,46,1,mensual,norte,0,basico
1,83.5,5,0,mensual,centro,0,estudiante
8,135.3,65,3,mensual,norte,155,empresa
3,96.4,72,1,anual,sur,0,estandar
4,27.9,17,0,anual,centro,0,basico
2,13.3,19,0,mensual,sur,0,basico
2,165.6,71,1,anual,costa,0,premium
3,60,40,1,anual,norte,0,estandar
2,6.4,2,1,mensual,centro,0,basico
2,43.9,1,0,anual,centro,0,basico
1,11.2,39,0,mensual,sur,0,basico
6,14.1,14,1,mensual,sur,0,basico
1,24.1,28,1,mensual,centro,0,basico
3,38.8,8,0,mensual,sur,0,estudiante
1,15.9,57,0,mensual,costa,0,basico
2,71.3,13,1,mensual,centro,0,estandar
2,35.3,25,3,mensual,norte,0,estudiante
2,49.5,39,2,anual,costa,0,estandar
15,486.2,19,3,mensual,sur,120,empresa
3,48.9,14,2,mensual,norte,0,estandar
2,30.1,51,2,anual,centro,0,estandar
4,250.1,67,3,anual,costa,54,empresa
13,454,56,4,mensual,sur,125,empresa
1,47.7,32,2,mensual,costa,0,estandar
3,137.5,32,2,anual,centro,0,premium
1,39.5,55,1,anual,centro,0,basico
2,142.7,35,3,mensual,sur,0,estandar
3,20.1,28,1,anual,costa,0,basico
3,125.3,14,1,mensual,centro,0,estandar
2,32.4,29,2,mensual,norte,0,basico
1,24.3,31,3,anual,costa,0,basico
2,67,43,1,mensual,sur,0,estandar
6,197.9,3,2,anual,costa,252,empresa
6,347.1,69,4,anual,sur,62,empresa
3,95.7,57,3,anual,costa,0,premium
2,108.4,71,3,mensual,sur,0,premium
1,98.9,63,2,anual,centro,0,estandar
1,153.2,57,3,mensual,costa,0,estandar
2,54.1,48,0,mensual,norte,0,estandar
1,5.5,55,0,anual,norte,0,basico
11,380.1,12,5,anual,costa,142,empresa
3,16.1,35,3,mensual,norte,0,basico
2,44.2,31,1,mensual,norte,0,estandar
2,33.6,45,2,anual,costa,0,estandar
1,13.1,16,1,anual,sur,0,basico
2,20.3,62,0,mensual,norte,0,basico
2,45.6,47,4,mensual,norte,0,estandar
2,119.1,16,1,anual,centro,0,estandar
1,43.3,8,0,mensual,costa,0,estudiante
2,12.6,12,0,mensual,centro,0,basico
2,44.9,29,1,mensual,sur,0,estudiante
3,95.2,46,1,anual,centro,0,estandar
7,351.1,45,2,mensual,sur,138,empresa
1,61.8,8,2,mensual,costa,0,estudiante
2,44,34,2,mensual,norte,0,basico
2,9.6,17,1,mensual,centro,0,basico
1,39.2,32,0,mensual,costa,0,estandar
2,40.5,67,0,mensual,centro,0,estandar
2,74.1,11,0,anual,norte,0,estandar
2,27.7,45,4,anual,costa,0,basico
6,131,2,2,anual,norte,0,premium
2,17.7,49,1,anual,sur,0,basico
6,423.3,19,2,mensual,costa,243,empresa
4,61.4,61,1,anual,centro,0,estandar
1,27.7,16,1,mensual,costa,0,estandar
15,385.5,62,5,mensual,costa,262,empresa
5,340.7,36,4,mensual,centro,226,empresa
11,98.8,2,3,mensual,costa,153,empresa
2,21.9,17,0,anual,norte,0,basico
11,229.1,37,2,anual,sur,300,empresa
1,72.5,57,1,mensual,sur,0,estandar
3,55.3,29,2,mensual,sur,0,estandar
1,18.4,41,2,mensual,centro,0,estandar
1,20.6,12,2,mensual,norte,0,basico
1,64.8,33,2,anual,costa,0,estudiante
6,64.2,27,2,anual,sur,0,premium
1,18.1,3,1,mensual,costa,0,basico
7,275.7,32,5,mensual,costa,242,empresa
3,182,3,1,anual,norte,0,premium
3,53.7,37,2,mensual,sur,0,estandar
2,28.2,12,5,anual,sur,0,basico
3,218,57,1,anual,costa,0,estandar
3,24.2,61,1,mensual,sur,0,estandar
2,53.4,24,1,mensual,norte,0,estudiante
1,23.5,29,0,anual,sur,0,basico
3,67.4,51,0,mensual,costa,0,estandar
1,12.7,49,1,anual,norte,0,basico
1,47.2,1,0,anual,centro,0,estudiante
4,116.2,19,2,anual,norte,0,premium
2,31.7,53,2,anual,costa,0,basico
6,53.9,23,2,mensual,sur,0,estandar
1,10.9,41,0,mensual,sur,0,basico
1,72.5,10,2,mensual,centro,0,basico
2,23.7,54,0,anual,costa,0,basico
5,157,14,3,anual,norte,0,premium
5,406.7,48,4,anual,sur,289,empresa
2,12.7,37,1,mensual,costa,0,basico
3,38.3,38,1,mensual,norte,0,basico
2,9.1,30,4,anual,sur,0,basico
2,19,71,0,mensual,costa,0,basico
3,27.4,56,2,mensual,norte,0,basico
2,13.1,52,2,mensual,centro,0,basico
1,26.6,7,4,mensual,norte,0,basico
2,40.4,66,1,mensual,centro,0,estandar
1,47.2,66,0,mensual,centro,0,basico
2,36.4,59,1,mensual,norte,0,estandar
4,194.1,14,2,mensual,costa,0,estandar
3,23.9,49,1,mensual,norte,0,estandar
4,102,41,2,mensual,centro,0,estandar
6,284.1,42,3,anual,norte,0,premium
2,17.5,44,1,mensual,sur,0,basico
1,27.5,46,2,mensual,centro,0,basico
8,16.4,7,2,mensual,norte,0,basico
1,32.5,31,2,mensual,norte,0,basico
1,18.3,11,1,anual,sur,0,basico
2,42.7,32,2,anual,norte,0,estandar
2,31.8,9,1,mensual,sur,0,basico
5,27.8,18,0,mensual,norte,0,basico
5,31.3,44,5,mensual,norte,0,estandar
4,36.2,2,2,mensual,norte,0,estandar
3,188.8,63,3,anual,centro,206,empresa
6,133.8,41,1,mensual,centro,0,premium
2,192.1,59,1,mensual,norte,0,estandar
4,51.6,34,2,anual,norte,0,premium
3,200.1,49,1,mensual,costa,0,premium
1,62.9,19,0,mensual,centro,0,estudiante
3,32.9,44,1,mensual,norte,0,estandar
1,32.9,59,0,anual,centro,0,basico
2,34,19,2,mensual,costa,0,basico
1,48.1,58,2,mensual,costa,0,basico
1,33.8,62,0,mensual,norte,0,basico
2,36.6,61,0,anual,costa,0,estandar
4,52.6,4,2,anual,norte,0,estandar
