cliente_id,gasto_mensual_usd,visitas_mes,antiguedad_meses,canal
C0001,641.4,5,33,tienda
C0002,684.69,4,9,web
C0003,62.33,3,9,tienda
C0004,182.4,11,45,web
C0005,668.06,5,16,tienda
C0006,580.62,4,59,web
C0007,718.3,5,51,web
C0008,58.76,2,31,web
C0009,177.6,7,50,web
C0010,292.47,12,34,tienda
C0011,80.17,2,6,tienda
C0012,84.85,2,7,tienda
C0013,228.53,9,4,app
C0014,200.12,14,3,web
C0015,681.48,6,11,web
C0016,580.79,5,44,web
C0017,97.01,2,57,app
C0018,184.28,11,14,app
C0019,94.56,3,40,tienda
C0020,178.6,16,28,web
C0021,77.23,2,16,tienda
C0022,756.99,5,18,web
C0023,84.29,3,9,tienda
C0024,554.16,4,31,tienda
C0025,81.17,2,50,tienda
C0026,59.59,3,40,tienda
C0027,524.45,3,20,web
C0028,81.54,2,53,tienda
C0029,240.95,9,44,app
C0030,180.4,11,46,app
C0031,208.42,12,56,web
C0032,223.39,10,12,tienda
C0033,212.3,11,19,app
C0034,224.89,13,1,app
C0035,183.25,9,42,web
C0036,577.08,6,54,web
C0037,71.18,2,45,tienda
C0038,706.16,5,7,app
C0039,630.96,6,14,web
C0040,228.73,9,5,tienda
C0041,213.53,12,14,tienda
C0042,90.33,3,24,web
C0043,217.49,12,39,app
C0044,657.13,5,51,web
C0045,247.94,12,9,web
C0046,216.03,14,41,tienda
C0047,188.6,17,39,tienda
C0048,81.49,2,1,tienda
C0049,92.37,3,22,web
C0050,81.54,3,30,tienda
C0051,83.99,2,12,tienda
C0052,79.81,2,57,web
C0053,206.54,11,59,web
C0054,224.19,9,25,web
C0055,213.04,10,25,tienda
C0056,90.9,1,42,tienda
C0057,76.74,3,45,web
C0058,276.3,16,55,app
C0059,90.91,2,1,tienda
C0060,84.34,3,25,web
C0061,158.57,12,6,app
C0062,652.72,5,23,app
C0063,539.88,4,51,tienda
C0064,200.65,11,1,app
C0065,96.32,3,7,tienda
C0066,512.41,5,35,web
C0067,242.51,11,39,web
C0068,572.09,5,30,web
C0069,73.73,3,4,tienda
C0070,205.91,10,46,web
C0071,77.26,3,5,web
C0072,248.16,10,28,app
C0073,233.28,17,7,web
C0074,228.75,12,20,app
C0075,97.66,3,6,tienda
C0076,82.09,2,51,tienda
C0077,512.47,4,30,app
C0078,71.13,3,54,tienda
C0079,249.44,13,34,app
C0080,74.3,4,55,app
C0081,79.14,3,30,tienda
C0082,210.56,11,55,web
C0083,615.68,4,35,tienda
C0084,76.03,2,53,tienda
C0085,61.68,2,23,tienda
C0086,83.12,2,14,web
C0087,194.28,13,35,web
C0088,204.14,12,2,app
C0089,609.13,5,14,tienda
C0090,201.45,9,34,web
C0091,182.41,15,37,web
C0092,71.85,2,57,tienda
C0093,198,11,22,app
C0094,773.57,5,31,app
C0095,189.28,13,33,app
C0096,94.06,2,9,web
C0097,78.84,2,27,tienda
C0098,174.46,16,24,app
C0099,173.83,9,8,app
C0100,93.38,2,8,tienda
C0101,578.35,5,50,web
C0102,732.66,4,54,web
C0103,88.28,2,50,tienda
C0104,72.52,3,7,web
C0105,92.27,3,6,tienda
C0106,197.61,13,53,app
C0107,214.14,14,15,web
C0108,228.95,17,51,app
C0109,82.03,3,45,tienda
C0110,178.18,17,60,web
C0111,87.04,2,13,web
C0112,55.71,2,53,web
C0113,191.08,10,21,web
C0114,249.11,13,1,app
C0115,275.61,9,14,web
C0116,105,2,32,app
C0117,75.35,3,7,web
C0118,224.52,7,17,tienda
C0119,92.67,3,2,tienda
C0120,622.78,4,56,tienda
C0121,686.12,6,39,tienda
C0122,251.38,10,36,app
C0123,195.56,13,25,tienda
C0124,69.06,3,20,web
C0125,86.48,3,27,web
C0126,601.38,5,55,tienda
C0127,209.73,14,22,web
C0128,77.72,4,21,web
C0129,784.41,5,31,tienda
C0130,67.13,2,9,app
C0131,264.18,11,41,app
C0132,204.56,12,26,tienda
C0133,274.87,10,5,app
C0134,236.69,17,41,app
C0135,780.91,5,22,tienda
C0136,255.8,14,9,app
C0137,273.77,12,36,app
C0138,215.24,16,3,app
C0139,224.88,14,32,app
C0140,101.82,2,47,web
C0141,97.54,3,50,app
C0142,230.58,11,14,app
C0143,80.92,3,35,app
C0144,105.57,3,28,tienda
C0145,218.8,14,8,app
C0146,563.36,5,33,tienda
C0147,241.94,9,6,app
C0148,261.94,18,33,app
C0149,69.81,3,57,tienda
C0150,63.85,2,58,tienda
C0151,770.55,4,29,tienda
C0152,94.44,3,38,web
C0153,61.51,2,59,tienda
C0154,207.28,12,10,web
C0155,171.43,15,55,app
C0156,207.57,12,35,tienda
C0157,59.04,2,9,web
C0158,91.08,3,7,tienda
C0159,85.5,3,35,tienda
C0160,112.32,3,15,web
C0161,95.94,2,40,tienda
C0162,282.92,11,22,web
C0163,189.84,13,54,app
C0164,666.17,5,52,web
C0165,276.74,8,18,web
C0166,78.21,2,9,web
C0167,232.85,10,22,app
C0168,97.53,3,1,tienda
C0169,74.16,3,15,web
C0170,83.39,3,36,web
C0171,779.74,4,41,tienda
C0172,179.27,15,56,app
C0173,251.36,13,5,tienda
C0174,478.67,4,40,web
C0175,76.06,3,49,tienda
C0176,86.88,3,34,web
C0177,94.39,3,40,tienda
C0178,66.58,1,29,tienda
C0179,90.93,2,4,tienda
C0180,762.45,5,26,web
C0181,223.86,9,3,app
C0182,81.39,3,38,web
C0183,84.29,2,33,app
C0184,529.15,3,29,web
C0185,265.37,10,50,web
C0186,80.89,2,27,tienda
C0187,87.05,3,27,web
C0188,80.49,2,3,tienda
C0189,203.41,10,12,app
C0190,84.74,3,12,tienda
C0191,650.3,6,43,tienda
C0192,234.53,8,29,app
C0193,168.28,10,23,app
C0194,474.16,5,36,tienda
C0195,204.36,11,23,app
C0196,91.24,3,34,tienda
C0197,187.25,13,19,web
C0198,83.57,3,34,tienda
C0199,566.44,7,2,app
C0200,212.63,10,6,web
C0201,65.68,2,15,tienda
C0202,659.28,6,59,web
C0203,553.09,2,36,tienda
C0204,780.3,5,40,tienda
C0205,87.25,3,3,tienda
C0206,190.31,15,58,web
C0207,760.13,7,16,web
C0208,87.58,2,52,app
C0209,71.71,3,46,tienda
C0210,80.96,3,29,tienda
C0211,565.59,4,17,web
C0212,667.14,5,23,tienda
C0213,94.2,3,17,tienda
C0214,210.91,15,47,web
C0215,79.91,2,3,tienda
C0216,75.86,3,36,tienda
C0217,683.74,5,9,tienda
C0218,228.48,11,16,web
C0219,552.5,5,21,tienda
C0220,66.97,2,55,tienda
C0221,186.12,9,30,tienda
C0222,615.86,5,53,web
C0223,198.57,13,27,web
C0224,81.87,2,49,app
C0225,109.89,2,8,tienda
C0226,254.62,15,23,web
C0227,197.5,11,16,web
C0228,172.32,14,30,tienda
C0229,246.77,9,55,app
C0230,208.89,10,4,app
C0231,203.12,16,8,web
C0232,259.8,14,44,app
C0233,74.86,1,11,web
C0234,638.19,5,39,tienda
C0235,659.43,4,27,tienda
C0236,71.32,4,48,tienda
C0237,86.49,2,9,web
C0238,199.5,12,33,app
C0239,240.36,12,7,app
C0240,737.87,4,32,app
C0241,203.54,9,41,tienda
C0242,63.03,3,2,web
C0243,65.43,2,26,web
C0244,229.24,10,17,app
C0245,677.71,5,31,web
C0246,71.92,2,55,tienda
C0247,79.85,3,15,tienda
C0248,98.48,3,23,tienda
C0249,516.95,5,34,tienda
C0250,204.58,9,7,web
C0251,611.34,6,3,app
C0252,105.94,3,19,tienda
C0253,76.94,4,52,web
C0254,647.28,5,22,app
C0255,79.77,2,59,web
C0256,651.42,6,14,tienda
C0257,70.82,3,38,tienda
C0258,203.14,10,34,tienda
C0259,217.36,16,27,app
C0260,231.84,11,5,app
C0261,72.3,2,15,app
C0262,455.66,5,32,app
C0263,71.51,2,52,tienda
C0264,92.56,3,15,tienda
C0265,57.15,2,38,tienda
C0266,192.37,7,42,web
C0267,254.03,10,54,app
C0268,217.19,13,34,app
C0269,91.52,3,39,tienda
C0270,179.16,14,40,tienda
C0271,176.12,8,4,web
C0272,418.31,6,42,tienda
C0273,629.09,7,39,web
C0274,84.22,5,26,tienda
C0275,95.48,3,35,tienda
C0276,171.26,14,32,app
C0277,69.88,3,49,tienda
C0278,102.63,2,16,web
C0279,594.82,4,10,web
C0280,221.93,16,50,web
C0281,222.85,12,44,web
C0282,221.19,19,34,app
C0283,280.76,11,57,web
C0284,167.11,9,59,app
C0285,263.81,10,6,web
C0286,484.87,5,8,app
C0287,208.22,13,25,web
C0288,218.64,14,56,app
C0289,220.51,14,26,app
C0290,184.11,15,58,web
C0291,195.22,9,48,web
C0292,232.36,11,33,app
C0293,601.02,8,31,tienda
C0294,566.17,5,4,tienda
C0295,88,3,55,tienda
C0296,83.32,2,18,app
C0297,91.49,2,31,tienda
C0298,211.01,13,17,web
C0299,94.29,3,15,web
C0300,127.27,3,36,web
