temperatura_c,humedad_pct,presion_hpa,ruido_db,zona
21.2,47.2,1006.7,57.9,b
17.9,60.9,1007.4,45.5,a
23.5,34.9,1015.1,42.9,b
17.5,58.3,1019.4,48.2,c
22.1,56.6,1011.4,53.1,c
17.9,64.8,1031.2,46.2,c
25.7,45.9,1016.5,42,b
22.7,55.1,1012.8,45.1,c
20.3,38.4,1008.2,51.2,c
14,53.9,1021.4,39.1,b
14.6,53.3,1011.3,44.2,b
17.2,68.9,1019.2,34.6,a
20.5,68.8,1012.3,48.4,a
28.5,59.6,1017.7,44.5,b
28.3,41.4,1005.7,48.5,a
16.4,66.6,1014.7,40.5,c
18.7,23.6,999.8,45.9,a
14.3,52.1,1007.6,46.5,b
24.3,61.3,1016.4,39.3,b
18,54.2,1019.9,39.2,a
20.4,51.4,1009.2,56.2,c
24.4,53.6,1014.4,42.2,c
14.3,59.6,1028.7,47,b
17.5,68.1,1014.6,44,b
19,49.9,1014,57.4,b
19.1,80,1010.6,44,a
19.1,51.1,1007,47.8,c
22.4,52.2,1012.1,38,b
18.7,44.1,1005.3,36.9,b
13.8,52,1017.9,52.6,c
22.5,45.2,1018.1,57.8,a
23.4,33.6,1022.1,45.7,a
19.7,34.1,1000.4,52.5,c
18.1,38.1,1018.1,41.5,c
14.3,48.7,1010.9,41.9,c
22.8,45,1004.6,35.4,c
19.1,49.2,1016.1,48.1,a
19.2,56.5,1008.3,50.5,b
18.6,29.8,1002.3,47,a
21,64.2,1018.3,36,a
15.9,45.6,1016.3,47.3,b
24.8,54.9,1012.2,51.8,a
18.2,47.8,1019.8,42.1,b
20.3,63.1,1024.6,51.6,b
17.5,66.3,1014.2,57.7,c
17.3,49.5,1005.2,56.6,a
19.2,51.4,1007.7,47.7,b
21.7,34.2,1018.7,35.2,a
23.8,38.1,997.5,43.6,a
15.9,49.2,1018.7,40.4,c
21.9,60.6,1016.1,38.7,c
16.6,42.8,1011.7,34.2,c
19.3,53.6,1004.8,40.7,c
22.1,65.3,1001,44.3,c
26.2,56.3,1002.6,49.3,c
20.2,43.1,1018.3,46.7,c
19.3,52.9,1009.9,57.2,b
15.3,51,1002.2,57.2,a
16.1,42.8,1003.9,36,a
22.5,46.3,1026.6,44.9,b
18.3,55,1016.1,43.9,c
19.3,47,1016.8,45.6,c
17.2,47.1,1005.9,40.9,b
22.4,46,1013.8,41.9,c
19.8,38.8,1003.3,51.4,a
21.5,68.1,1016.5,51.8,b
16.3,54.3,1016.2,29.7,a
16.1,46,1014.4,33.6,b
22.7,23.5,1016.9,44.7,a
22.4,72,1010.6,37.5,a
21.5,50.5,997,47.9,b
22.5,48.6,1006.9,48.4,c
14.9,45.3,1014.6,39.7,b
18.7,49.9,1011.3,51,c
21.3,52.8,1009.2,43.8,c
20.1,42.4,1015,42.3,a
20.4,44.5,1035.4,53.8,a
22.1,64.5,1018.6,52.1,c
24.3,50.7,1015.6,43.3,c
21.2,54.7,1012.7,44.6,b
17.9,58.1,1011.8,54.2,a
21,53.8,1016.5,40.9,b
18.1,51.7,1007.8,37.4,c
20.1,72.7,1024.5,49.8,a
23.3,51,1005,49,c
20.8,62.1,1022.6,29.9,b
20.5,42.2,1006.2,46.1,b
19.9,52,1018.4,36.7,b
20.2,46.9,1012.7,43.9,b
19.4,70.4,1010,45.2,b
20.6,57.9,1009,55.8,a
15,61.1,1024.1,41,a
17.4,48.6,1010.5,44.4,b
22.2,45.5,1013.1,45.8,c
13.2,55.9,1011,46.7,c
20.6,50.2,1031.2,52.4,b
19.6,41.3,1014.9,51.3,a
20.6,57.2,1020.1,56.5,c
17.8,46.5,1014.3,53.1,a
16.8,39.8,1017,52.4,c
18.3,53.7,1007.7,46.6,a
21.8,42.7,1012.9,43,a
18.6,55.6,1017.3,40.4,c
19,52.2,1007.7,30.7,a
24.6,49.5,1001.8,49.9,b
24,33.9,1014.8,41.6,c
23.3,50.8,1019.3,49.1,b
23,41.1,1016.6,40.7,a
22.5,46.3,1030.9,42.6,b
18.9,52.7,1020.3,42.7,a
18.8,57,1011.2,36.8,b
19,60.9,1005.6,47.1,b
17.6,38.1,1018.2,32.4,b
18.4,29.7,1024.5,39.2,a
20,54.2,1018.1,52.6,c
18.2,53.5,1012.5,65.9,b
26.2,52,1001.3,41.9,a
18.5,64.1,1005.4,42.1,a
23.6,41.3,1012.8,49.4,c
28.2,32.6,1016.3,50,a
18.7,37.5,1003.3,44.1,a
16.1,42.9,1015.5,44,b
17.2,43.9,1007.4,40.7,b
21.4,58.2,1007.9,31.4,c
22.2,53,1014.4,40.5,c
23.6,40.6,1007.2,38.2,c
21.9,51.9,1011.3,45,b
21.8,26.4,1010.8,53.6,c
21.7,60.1,1004.3,36,c
26.2,52.4,1021.2,52,c
23.5,59.1,1005.4,47.1,a
24.1,62.7,1009.4,58.5,a
23.3,67.2,1018.5,53.9,a
17.1,55.8,1029.1,53.1,a
24.7,52.7,1002.8,50,c
19.5,64.8,1004.7,37.1,b
24.5,46.7,1008.6,47.8,a
26.3,42.9,1026.1,44.3,a
23,50.2,1023.1,52.1,c
20,61.9,1000.4,36.9,b
15.3,39.5,1008.6,52.2,b
29.3,53.7,1011,46.5,a
21.2,53,1015.3,44.7,b
14.7,35.8,1015.3,46.5,c
23.3,42.3,1015.9,37.4,b
21.8,49.6,1016.9,45.9,a
18.7,38.6,1018.2,51.6,a
24.2,62.9,1025.9,50.6,c
18.4,51.3,1012.3,46.1,b
22.2,48.5,1009.8,53.9,b
16.2,34.1,1010.1,56.4,b
18.4,49.6,1002.2,52.1,c
19.2,70.2,1017.8,46.1,b
18.4,44.9,1006.2,36.8,a
15.1,57.7,1004.1,58.2,a
19.3,52.1,1024.7,45.6,b
18.9,57.6,1011.5,44.1,b
19.1,58.3,1011.5,49.8,c
23,48.2,1021.2,53.5,c
23.4,42.4,1009.2,52.2,a
14.9,54.4,995.5,49.1,a
24.2,69.3,1008.6,50.4,c
24.2,40,1015.4,52.8,c
21.1,44.1,1019.2,44,a
23.1,34,1021.6,37,c
20.9,38,1012.7,43.7,a
21.3,43.6,1012,47.7,b
20.8,24.3,1031.7,54.5,b
18.8,41.9,1013.1,48.7,a
19.8,51.8,993,42.1,c
19.8,60.3,1014.4,44,b
18.9,53.4,1012.7,41.2,c
24.8,58.7,1002.6,42.5,a
14.9,65.5,1008.6,36.2,c
20.5,25.6,1019.6,46.6,b
17.9,56.9,1025.3,45.8,a
20,39.8,1009.6,50.2,a
22.8,80,1013.2,55.4,b
21.2,55.4,1001.9,39.4,c
21.3,44.7,1013,58.7,a
18,38.5,1016.2,38.2,a
14.1,52.1,1002.9,50.8,b
22.7,45.3,1005.4,43.6,a
14.5,42.4,1007.6,39.8,a
20.3,38.8,1023,42.3,b
18.5,56.5,1004.6,39.7,b
23,55.4,1021.8,40.6,a
18.8,52.1,1018.4,36.5,a
21.3,31,1029.2,42.6,a
18.4,44,1023.3,40.1,c
13.5,48.1,1007.1,49.8,b
21,65.8,1002.9,41.2,a
14.6,48.6,1024.4,52.3,c
23.1,61,1007.3,53,b
16.4,42,1018.2,53.5,c
22.1,47,1018.6,46.4,a
24.5,67.8,1025.4,37.9,c
18.8,50,1002.6,40.5,c
18.8,43.7,1011,44.4,a
15.9,28.4,1009.3,47.8,a
22.3,45.6,1008.8,39.7,c
18.2,51.2,1016,49.8,c
21.1,46.1,1018.8,40,c
25.7,62.3,1022.2,44.5,c
25.3,72.1,1014.4,48.3,a
17.2,53.3,1016,49.5,c
18.2,65.3,1022.4,46.8,a
21.1,35.1,1010.6,45.6,b
15.1,48.3,1021,44.9,a
15.9,45.7,1022.1,49.1,c
21.9,71.4,1021.2,53,a
18.1,64.7,1006.2,48.4,b
22.3,53.2,1009.7,41.6,b
17.7,52.6,1009.3,44.9,c
18.1,55.7,1014.9,51.7,a
15.6,54.5,1015.9,42.1,a
18.9,58.6,1011.5,46.7,a
26.3,31.2,1018.5,37.8,a
17.1,37.1,1009.4,33.8,a
25.1,31.6,1020.8,42.9,b
20.1,43.5,1012,47.3,b
23.6,58.2,1022.2,48.4,a
22.5,63.5,1012.3,50.5,a
18,40.3,1015.7,54.4,c
21,52.3,1012,42.2,b
21.3,54.8,1013.5,44.8,b
22.9,37.2,1001.4,48.2,c
20.3,38.5,1008.2,39.9,c
15.3,52.3,1009.5,40.2,a
22.3,56.9,1006.3,41.2,c
18.8,37.1,997.2,42.9,b
15.7,43.9,1005.1,40.1,c
20.9,46.9,1010.5,44.5,c
18.9,69,1027.3,40.7,a
18.9,39.2,1018.8,39.5,b
12.9,58.9,1020.2,40,a
18.8,37.4,1024.1,55.3,a
16.9,59.4,1017.5,46.9,b
20.5,60.8,1013.9,49.7,b
18.8,48.1,1007.8,49.8,b
15.5,44.2,1020.5,37.2,b
20.8,52.2,1013,46.6,c
17.6,52.4,1030.8,38.9,c
19.5,36.3,1022,53.1,b
19.4,49.1,1026.3,46.5,c
14.4,70.5,1014.8,39.8,b
18.6,52.4,1024.9,43.7,c
23.8,44.3,1026.8,43,b
19.9,69.6,1004.2,45.3,a
17.6,46.1,1011.9,52.2,c
17.3,42.8,1009.2,47.7,c
18.9,60.5,999,46.5,b
20.7,29.6,1008.3,46.6,b
23.4,58.1,1008.2,47.7,a
26.3,37.5,1002.2,41.1,a
24.7,60.3,1017.7,50.4,c
18.9,56.4,999.6,39.8,c
14.5,44,1014.1,43.1,a
21.5,52.8,1012.2,42.1,b
23.7,50.1,1011.5,45.2,a
22.4,47.6,1004.6,38.9,b
20.7,51.8,1006.2,54.8,c
23,52.8,1011.4,32.4,c
21.8,70.9,1015.4,45.6,c
17.5,30,1012.5,33.7,b
20.4,49.6,1013.5,50.8,a
30.2,55.9,1017.9,41,a
21.5,64.4,1005,44.4,c
21.2,39,1007.5,48.3,b
20.9,50.6,1013.3,44.7,c
22.1,53.1,1028,49.4,a
20.5,37.4,1020.1,46.5,a
19.8,61.7,999.1,49,a
17.6,57.9,999.3,45.7,c
21.5,55.5,1018.9,43.7,a
18,51.1,1014.1,47.8,b
19.5,55.3,1032.5,44.6,c
16.7,41.8,1013.2,43.9,a
21,54.4,1017.4,50.1,a
24.1,61.6,1004.7,52.5,b
25,60.5,1014.5,52.2,c
26.7,58,1012.3,39.1,a
15.2,42.3,1023.1,42.4,b
19.1,37.2,1010.4,34.8,b
17,61.7,1014,55.8,c
19,59.1,990.3,56,b
15.9,44.1,1013.6,39.7,b
18.2,35.4,1004.9,49,b
21.9,40,1019.3,48.1,c
25.5,49.9,1015,39.6,a
17.2,44.5,1024.9,47.2,b
21.7,52.9,1010.5,39.2,c
14.7,42.7,1020.2,50.1,b
14.9,59.1,1010.5,42.1,c
21.2,53,1010.7,52,c
19.1,53.5,995.2,61.9,a
15.9,62.9,1004.6,45.8,b
22.3,56.9,1022.3,49.8,b
20.2,39.8,1007.6,39.1,c
20,65.3,1010.7,41.2,a
