ciudad,ventas_mes_usd,visitas_mes,superficie_m2
ciudad_01,18154,974,153
ciudad_02,21087,852,223
ciudad_03,14018,529,135
ciudad_04,43499,3588,415
ciudad_05,21913,782,165
ciudad_06,55065,2551,510
ciudad_07,16347,602,164
ciudad_08,14685,470,122
ciudad_09,21866,774,169
ciudad_10,57863,2114,407
ciudad_11,55985,1568,304
ciudad_12,19916,789,164
ciudad_13,50881,2101,359
ciudad_14,16025,863,154
ciudad_15,53457,2281,524
ciudad_16,50556,2156,350
ciudad_17,20426,1357,163
ciudad_18,28519,899,151
ciudad_19,16495,731,153
ciudad_20,17922,627,174
ciudad_21,16739,942,136
ciudad_22,67478,2504,435
ciudad_23,40073,1588,546
ciudad_24,71837,3575,449
ciudad_25,16377,862,182
ciudad_26,13821,1098,142
ciudad_27,55864,2209,387
ciudad_28,19559,621,177
ciudad_29,20790,549,138
ciudad_30,18447,578,141
ciudad_01,15843,1303,191
ciudad_02,41732,4788,365
ciudad_03,19555,841,132
ciudad_04,16208,1156,187
ciudad_05,21558,820,138
ciudad_06,34470,1379,439
ciudad_07,42902,3157,384
ciudad_08,14513,773,213
ciudad_09,46837,1804,429
ciudad_10,46273,2392,507
ciudad_11,16792,1122,181
ciudad_12,44997,4299,372
ciudad_13,22653,790,133
ciudad_14,17523,1308,178
ciudad_15,17449,836,155
ciudad_16,34547,2822,427
ciudad_17,41689,1950,411
ciudad_18,15324,728,128
ciudad_19,48222,2461,441
ciudad_20,20362,1224,128
ciudad_21,65838,1871,359
ciudad_22,16207,925,148
ciudad_23,16149,843,142
ciudad_24,42451,2776,410
ciudad_25,48925,1649,380
ciudad_26,12249,781,136
ciudad_27,16353,1139,191
ciudad_28,48857,3455,337
ciudad_29,58688,3271,445
ciudad_30,14400,736,144
ciudad_01,42125,3091,432
ciudad_02,59280,2120,529
ciudad_03,16347,1023,221
ciudad_04,39333,3082,523
ciudad_05,51651,3932,402
ciudad_06,20808,899,190
ciudad_07,60159,2747,495
ciudad_08,14857,760,149
ciudad_09,54476,2648,358
ciudad_10,47606,1960,519
ciudad_11,25589,556,208
ciudad_12,63391,2170,455
ciudad_13,25682,1167,209
ciudad_14,17977,640,179
ciudad_15,59946,3182,519
ciudad_16,16730,1282,138
ciudad_17,64060,2075,415
ciudad_18,21164,1288,166
ciudad_19,20977,1140,215
ciudad_20,19862,787,163
ciudad_21,56789,1979,425
ciudad_22,22570,862,183
ciudad_23,48055,3275,397
ciudad_24,44817,2828,383
ciudad_25,13638,848,162
ciudad_26,56838,2657,324
ciudad_27,42366,2747,412
ciudad_28,45574,3123,328
ciudad_29,58670,1835,324
ciudad_30,19302,754,194
ciudad_01,22997,1298,153
ciudad_02,34610,3056,525
ciudad_03,16202,799,159
ciudad_04,15930,1121,193
ciudad_05,18592,936,160
ciudad_06,20807,829,136
ciudad_07,14031,915,160
ciudad_08,23193,1672,192
ciudad_09,48564,2129,440
ciudad_10,37792,2294,359
ciudad_11,16311,1476,143
ciudad_12,50431,2319,483
ciudad_13,20899,884,140
ciudad_14,18191,760,128
ciudad_15,20563,1008,217
ciudad_16,49384,2867,433
ciudad_17,62735,2251,469
ciudad_18,17526,835,161
ciudad_19,17473,994,197
ciudad_20,18825,1099,153
ciudad_21,51642,2543,437
ciudad_22,51116,1683,414
ciudad_23,57772,2841,373
ciudad_24,41136,2810,391
ciudad_25,13659,973,135
ciudad_26,45125,2678,437
ciudad_27,21049,675,128
ciudad_28,39123,3286,425
ciudad_29,48352,2500,468
ciudad_30,41982,1775,358
